id,nome,settore_di_mercato,descrizione,finanziamenti,numero_investitori,valore_startup,valore_mercato_totale,numero_brevetti,numero_prodotti_attivi,stage,media_fatturato,tasso_di_crescita_dip,anni_di_attività,anno_creazione,città,stato,continente,budget_formazione,nuova_tecnologia,tipo_di_miglioramento_tecnologia,incremento_tec,numero_operatori,dip_ingegneri,dip_business,dip_vendite,dip_design,dip_informatica,dip_amministrativo,dip_controllo_qualità,dip_ricerca,dip_risorseumane,dip_assistenza,concorrente,fatturato_conc(B)
1,stratoscale,tech,Stratoscale era un'azienda che si concentrava sulla fornitura di infrastrutture e servizi compatibili con Amazon Web Services (AWS) operando nell'industria dei data center,69M,6,89.92M,462.9B,25,19,dead,130.5K,-18%,6,2013,tel aviv,Israel,Asia,225K,virtualizzazione del server,costi,-60%,0,5,1,1,0,2,1,0,0,0,0, microsoft azure,50B
2,ignitionone,tech,IgnitionOne fornisce tecnologia di marketing digitale basata su cloud offrendo una piattaforma e servizi per migliorare le performance del marketing digitale,39.64M,5,89M,45503B,4,22,dead,7.2M,+2%,15,2004,New York,New York,North America,280K, cloud computing, tempo inattivita ,-90%,2,16,5,14,1,10,1,4,2,0,3,adobe,15.7B
3,phytelligence,biotech,Phytelligence e' un'azienda di biotecnologia agricola che utilizza tecniche di coltivazione per fornire colture di alta qualita ,25.3M,3,3.5M,430B,2,10,dead,14.3M,0%,7,2019,Washington,Washington,North America,80K,marketing basato su account,fatturato,+15%,20,10,5,2,1,5,2,0,1,1,1,Johnson & Johnson,89.3B
4,defy media,tech,DEFY Media operava come societa  di notizie e media digitali,100M,5,102.29M,568.8B,2,7,dead,6.8M,-13%,5,2013,New York,New York,North America,180K,analisi dei dati,resa,+10%,9,1,4,5,11,4,4,2,0,1,2,walt disney,59B
5,apprenda,tech,Apprenda offre una piattaforma aziendale come servizio (PaaS) che alimenta lo sviluppo di software aziendale su cloud pubblici privati e ibridi,55.5M,5,33.07M,37.6B,12,33,dead,1.4M,0,13,2005,River st Troy,New York,North America,105K,sistema peer to peer,entrate,+17%,0,2,1,1,1,0,1,1,1,0,0, microsoft azure,50B
6,wikimart,martech,Wikimart fornisce un marketplace online progettato per vendere beni e prodotti online,81M,3,215M,1915B,4,10,dead,36M,0%,8,2008,Mosca,Russia,Asia,400K,identita  unificata,costi,-30%,53,14,20,27,7,25,17,0,0,10,40,amazon,135.9B
7,AudienceScience,tech,AudienceScience offre una piattaforma di targeting flessibile per i media digitali in tutto il mondo,89.33M,6,150M,1B,20,27,dead,3.7M,-6%,17,2000,Washington,Washington,North America,266K,strade ottimizzate,tempi,-15%,2,9,2,1,0,0,3,0,1,3,0,Acxiom,1.3B
8,Bridj,tech,Bridj e' un sistema di trasporto intelligente che utilizza big data e navette per adattarsi alle esigenze individuali degli spostamenti pendolari,11.95M,8,1.6M,12.7B,4,14,dead,2.8M,-19%,6,2011,Boston,Massachusetts,North America,36K,ricerca funzionale,tempi,-75%,5,8,2,1,1,1,2,1,0,0,0,Moovit,0.7B
9,quixey,tech,quixey e' un motore di ricerca per le app,164.2M,12,600M,77B,267,31,dead,2.9M,-3%,8,2009,Mountain View,California,North America,577K,comunicazione ottica,tempi,-40%,0,13,3,0,0,4,2,3,1,3,0,google,110B
10,aoptix technologies,tech,AOptix Technologies e' un sviluppatore commerciale di tecnologia ottica. Le soluzioni dell'azienda offrono identificazione e verifica veloci facili e accurate per una vasta gamma di applicazioni,113.64M,10,243.63M,22B,19,14,dead,10.7M,0%,17,2000,Campbell,California,North America,112K,filtro contenuti,soddisfazione,+10%,7,14,3,1,1,5,2,5,1,1,0,tarana,0.2B
11,chacha,tech,ChaCha e' un servizio gratuito di risposte mobili per persone in movimento,108M,12,190M,706B,56,23,dead,72.1M,0%,11,2005,Carmel,Indiana,North America,500K,piattaforma di interazione,tempi,-70%,166,5,79,41,27,22,28,0,0,16,29,google,110B       
12,Vidangel,tech,Vidangel ha reso i film e youtube sicuro per le famiglie,11.23M,3,40M,90B,15,32,dead,6.9M,0%,5,2012,Provo,Utah,North America,79.2K,organizzazione intelligente,costi,-20%,5,6,8,6,3,2,2,1,1,0,8,disney,59B
13,karhoo,tech,Karhoo e' un marketplace  che collega marchi in tutto il mondo per offrire prenotazioni di taxi online,39M,7,250M,150B,2,55,dead,14.8M,-3%,3,2014,London,United Kingdom,Europe,277K,software iperconvergente,efficenza,+30%,18,22,6,11,2,13,2,0,2,2,3,uber,7.9B
14,quirky,tech,L'azienda da  vita a nuovi prodotti per i consumatori consentendo la collaborazione tra una comunita  globale di inventori e un team interno di designer e ingegneri,185.34M,10,150M,15B,5,49,dead,14M,-2%,6,2009,New York,New York,North America,100K,software per commissioni,tempi,-90%,4,21,10,5,3,5,2,1,0,1,4,kickstarter,0.1B
15,zirtual,tech,Zirtual mette in contatto gli utenti con assistenti personali virtuali specializzati in pianificazione ricerca e prenotazioni e gestisce ulteriori compiti attraverso la sua piattaforma integrata,5.34M,7,80M,7.2B,10,30,dead,24.6M,-2%,12,2011,Powell,Ohio,North America,600K,tecnologia del commercio al dettaglio,vendite,+25%,6,0,8,9,2,1,124,0,0,3,2,MyOutDesk,0.3B
16,springpath,tech,Springpath fornisce software che trasforma server standard in un pool unificato di risorse di calcolo e archiviazione,86M,5,153.17M,167B,7,23,dead,9.1M,0%,5,2012,SunnyVale,California,North America,210K,nuova piattaforma per brand,sicurezza,+50%,0,14,1,2,0,0,6,0,1,0,0,Cisco,48B
17,exec,tech,e' un'applicazione mobile per assumere assistenti personali per sbrigare commissioni per gli utenti,3.32M,9,30M,200B,2,3,dead,18.9M,+22%,4,2010,San Francisco,California,North America,169K,pagamenti da telefono,tempi,-50%,11,4,41,3,3,0,3,0,0,45,14,Housekeep,0.1B
18,salorix,tech,Salorix collabora con marchi e agenzie per semplificare e scalare il coinvolgimento sui social media,3.5M,2,11.48M,100B,2,1,dead,870K,+11%,5,2009,Santa Clara,California,North America,30K,Soluzioni di archiviazione ad alte prestazioni,costi,-90%,1,2,4,2,0,2,1,0,1,0,0,Walmart Labs,0.1B
19,mode media,tech,aiuta le persone a creare scoprire e condividere contenuti che amano,229.2M,16,776.2M,250B,2,5,dead,28.3M,+5%,12,2004,brisbane,California,North America,345K,piattaforma per alte performance,energia,-80%,14,19,16,13,13,5,14,4,0,3,0,reddit,0.025B
20,powa technologies,tech,Crea tecnologie per integrare senza soluzione di continuita  il mondo fisico e digitale,176.7M,3,325M,700B,6,55,dead,2.8M,0%,9,2007,London,United Kingdom,Europe,1.25M,gestione ottimizzata delle informazioni,errori,-90%,4,10,1,3,0,2,1,2,0,0,1,ITS partners,0.1B
21,coraid,tech,Coraid fornisce soluzioni di archiviazione per fornitori di servizi cloud e aziende,114.3M,8,83.57M,22.7B,5,5,dead,1.4M,0%,15,2015,Redwood City,California,North America,56K,distribuzione ottimizzata dell'energia,sprechi,-80%,2,3,0,1,0,1,0,0,0,0,0,Riverbed,1.09B
22,copan systems,tech,COPAN Systems e' un fornitore di soluzioni di archiviazione MAID per dati a lungo termine e persistenti,108.4M,10,99.48M,22.7B,15,1,dead,14.4M,+5%,8,2002,longmount,Colorado,North America,126K,video streaming ad alta qualita ,guadagni pubblicitari,+80%,4,4,7,13,0,6,1,0,0,0,1,VMware,3.71B
23,hubba,tech,Hubba e' una rete aziendale progettata per aiutare marchi e rivenditori a connettersi su opportunita  per far crescere la propria attivita ,58.67M,7,149.63M,14.93B,2,65,dead,5.8M,0%,10,2011,Toronto,Canada,North America,90K,ottimizzazione e applicazione wan,tempi di risposta,-75%,3,4,3,0,3,1,1,1,0,0,0,Convinctional,0.8B
24,gridco systems,tech,I prodotti dell'azienda consentiranno alle aziende di servizi pubblici di gestire attivamente la tensione e altri parametri chiave del sistema di distribuzione con precisione in tempo reale,54.5M,6,63.68M,14.93M,7,4,dead,6.7M,-6%,8,2010,Woburn,Massachusetts,North America,112K,gestione dei media sincronizzata,errori,-75%,0,4,0,0,1,1,2,1,0,2,2,Varrentec,0.5B
25,move networks,tech,Move Networks e' una piattaforma tecnologica di streaming che offre televisione live e multi-canale via internet agli utenti di PC TV e dispositivi mobili,60.3M,8,50M,8B,2,3,dead,2.8M,4%,11,2000,Irvine,California,North America,70K,uso di molteplici canali del cliente,costi,-80%,1,7,6,4,3,2,1,0,0,0,2,Akamai Technologies,1.15B
26,expand networks,tech,un'azienda tecnologica attiva nel mercato dell'ottimizzazione della rete di area estesa (WAN) fornisce soluzioni di prossimita  virtuale su WAN,69M,27,90M,3B,2,3,dead,9.8M,0%,14,1998,Roseland,New Jersey,North America,114.8K,messaggistica multipiattaforma,tempi,-75%,3,4,1,1,0,10,2,1,0,1,3,Riverbed Technology,0.836B
27,DoubleTwist,tech,doubleTwist e' una societa  di media digitali che consente ai suoi utenti di inviare foto e video ad altri,83.57M,16,150M,9.4B,5,17,dead,0.43M,0%,11,1991,Oakland,California,North America,12K,statistiche su prestazioni,tempi,-85%,0,0,4,1,0,1,1,0,0,0,1,youtube,1B
28,layer,tech,Layer gestisce il livello di comunicazione aperto per Internet,37.05M,18,130M,508B,7,35,dead,9M,0%,6,2013,San Francisco,California,North America,241.5K,piattaforma per pubblicare pubblicita ,monetizzazione,+90%,4,3,2,2,0,2,3,0,0,0,2,IBN Watson,77B
29,plaxo,tech,Plaxo aiuta le persone in tutto il mondo a rimanere in contatto con le persone importanti sia nel lavoro che nella vita,35.02M,9,150M,3.8B,5,7,dead,2.4M,-60%,16,2001,Sunnyvale,California,North America,60K,indicizzazione migliore delle pagine,precisione,+90%,2,4,5,1,1,3,2,4,0,0,1,Salesforce CRM,8.43B
30,Carrier IQ,tech,Carrier IQ e' una piattaforma di intelligenza dei servizi mobili che fornisce analisi diagnostiche degli utenti di smartphone agli OEM e agli operatori wireless,42M,8,98.09M,5B,5,7,dead,8.3M,-3%,10,2005,Mountain View,California,North America,89.6K,piattaforma in tempo reale di replica e recupero dati,perdita di dati,-95%,0,11,1,0,2,2,4,3,2,0,1,AirWatch,0.15B
31,adbrite,tech,AdBrite e' una piattaforma di scambio pubblicitario che fornisce trasparenza a livello di sito nonchaÂ© capacita  di rilevanza e video per gli inserzionisti,1.5M,2,35.09M,42.6B,4,4,dead,1.5M,0%,11,2003,San Francisco,California,North America,37.4K,innovazione nell'identificazione biometrica,tempi,-90%,0,1,1,2,0,1,1,0,0,0,3,Conversant,0.57B
32,cuil,tech,Cuil e' un motore di ricerca che combina l'indice web con metodi di rilevanza basati sul contenuto,33M,3,200.93M,42.6B,7,1,dead,217.5K,-40%,2,2008,Menlo Park,California,North America,10K,analisi dei dati automatica,costi,-85%,1,1,1,1,0,0,1,1,1,1,0,Yahoo,1.6B
33,asempra technologies,tech,Asempra Technologies e' una societa  di software che offre soluzioni di gestione del ripristino per le applicazioni e i dati di Windows,29M,5,75.2M,20B,9,5,dead,1M,0%,6,2003,Santa Clara,California,North America,30K,piattaforma che fa visualizzare camera ad utenti,precisione,+80%,0,1,1,3,0,1,3,1,0,1,0,Symantec,6.15B
34,FST biometrics,tech,FST fornisce soluzioni di accesso sicuro senza soluzione di continuita ,20M,2,70M,15B,5,7,dead,7.5M,-16%,11,2007,Rishon LeTsiyon,Israel,Asia,48K,tecnologia di pagamento e ritiro,tempi,-75%,2,5,1,0,0,5,1,2,2,1,2,Fulcrum Biometrics,0.4B
35,protonn,tech,Protonn e' una soluzione completa per potenziare i professionisti indipendenti,9M,9,30M,36B,2,6,dead,0.435M,0%,2,2020,San Jose,California,North America,10.8K,piattaforma immersiva e interattiva,costi,-85%,3,1,0,0,0,0,1,1,0,1,1,Clairvoyant,1.4B
36,modsy,tech,Modsy sfrutta la visione artificiale la cattura in 3D e gli strumenti di rendering fotorealistici per consentire ai consumatori di visualizzare idee di design nel contesto delle proprie case,70.75M,14,86.6M,497B,4,38,dead,17.2M,-31%,7,2015,San Francisco,California,North America,340K,piattaforma per video brevi,tempi,-85%,7,14,10,3,0,2,4,0,1,2,3,Havenly,0.15B
37,Fast,tech,Fast fornisce soluzioni di accesso e pagamento online progettate per offrire agli utenti un'esperienza di shopping sicura,124.5M,11,170M,4.22B,2,20,dead,146.7M,+3%,3,2019,San Francisco,California,North America,1972K,rete internet aerea,costi,-90%,143,90,63,74,25,26,44,0,16,24,5,Burger King,1.9B
38,madefire,tech,Madefire offre un'esperienza di collaborazione reinventata per gli autori e gli scrittori dietro le storie,12.8M,12,73M,5B,1,11,dead,1.5M,0%,9,2012,Berkeley,California,North America,21.6K,algoritmi di trading,costi,-80%,2,0,1,0,0,0,1,0,0,1,1,Kavita,0.015B
39,quibi,tech,Quibi e' una societa  media che sviluppa contenuti multimediali di breve durata progettati per smartphone,1.75B,18,2B,106B,1,7,dead,11.2M,-67%,3,2018,Los Angeles,California,North America,157.5K,Piattaforma per caratteristiche basate sui dati,tempi,-90%,22,1,6,1,0,8,5,1,0,0,0,Disney,18B
40,loon,tech,Loon e' una rete di palloni ad alta quota utilizzata per fornire una copertura internet stabile al suolo,125M,2,200M,300B,470,5,dead,18.9M,0%,3,2018,Mountain View,California,North America,108.5K,test ricerca e esecuzione di algoritmi,tempi,-95%,7,6,4,1,1,2,1,0,0,1,0,Amazon Kuiper,10B
41,quantopian,fintech,Quantopian sviluppa una piattaforma di scienza dei dati per la finanza quantitativa,51.48M,8,87.69M,87.69M,0,30,dead,0.065M,-17%5,9,2011,Boston,Massachusetts,North America,20K,Batteria agli ioni,efficenza,+85%,0,3,2,1,0,1,1,0,1,0,1,Numerai,0.5B
42,Superdata research,tech,SuperData e' il principale fornitore di raccomandazioni di mercato sui giochi digitali e sui media interattivi,1M,2,30M,180B,0,15,dead,4.1M,+39%,4,2017,New York,New York,North America,75K,Produzione di biocarburanti cellulosici,costi,-80%,5,5,1,0,0,2,1,0,0,1,1,Steam,10B
43,Jumpshot,tech,Jumpshot fornisce una suite di prodotti di analisi marketing che offre alle aziende una visione dettagliata e accurata della vita online dei propri clienti,83M,2,174.29M,327B,1,28,dead,0.44M,+12%,5,2015,San Francisco,California,North America,47.5K,camion autonomi,efficenza,+85%,1,3,4,3,1,0,1,2,1,2,1,Moz,0.019B
44,Aquion Energy,tech,Aquion Energy e' un'azienda che produce batterie al sodio e sistemi di accumulo di energia,196.63M,21,216.89M,160B,30,35,dead,15.5M,0%,9,2008,Pittsburg,Pennsylvania,North America,335K,raccolta di dati aerei,tempi,-95%,10,4,3,4,7,5,6,7,1,2,10,3GSolar Photovoltaics,0.015B
45,kior,tech,KiOR ha sviluppato una piattaforma tecnologica proprietaria per convertire la biomassa in petrolio greggio rinnovabile,252.9M,4,1490M,86.2B,10,15,dead,8.8M,0%,8,2007,Pasadena,Texas,North America,135K,automatizzazione di processi di produzione,costi,-85%,18,2,4,0,1,1,4,0,7,1,0,Fulcrum BioEnergy,0.1B
46,Starsky Robotics,tech,Starsky Robotics e' un'azienda di camion autonomi che mira a rendere le strade piu sicure,20.25M,13,54.92M,95B,7,6,dead,1.4M,-20%,4,2016,San Francisco,California,North America,40K,Tecnologia dei display elettro-bagnati,costi,+75%,4,2,0,0,0,0,1,1,3,0,0,TuSimple,2B
47,Airware,tech,Airware fornisce droni commerciali,101.02M,19,300M,19.89B,26,38,dead,18.1M,+16%,7,2011,San Francisco,California,North America,199.5K,controlli multipli con unica interfaccia,tempi,-95%,10,6,11,5,2,4,1,1,0,0,0,PrecisionHawk,0.14B
48,pearl automation,tech,Pearl Automation e' focalizzata sullo sviluppo delle tecnologie di base nel settore dei veicoli autonomi,2.1M,4,130M,50B,4,10,dead,2.1M,+8%,3,2014,Scotts Valley,California,North America,63K,prenotazione per controlli alle auto,tempi,-90%,1,6,2,0,0,0,1,0,0,0,1,Fideltus Advanced Technology,0.1B
49,Liquavista,tech,Liquavista e' un'azienda di produzione di display che offre display elettro-bagnati,35.6M,9,100M,157B,6,11,dead,4.1M,-4%,12,2006,Eindhoven,Netherlands,Europe,91.2K,tecnologia 3D,tempi,-90%,4,9,1,0,0,0,1,7,0,0,0,Mirasol,0.001B
50,bluesmart,tech,Bluesmart sviluppa prodotti per viaggi connessi a Internet che includono prodotti fisici combinati con software,27.35M,22,49.61M,1.2B,3,5,dead,3.6M,+5%,5,2013,San Francisco,California,North America,63K,contenuti di alta qualita  in poco tempi,tempi,-95%,11,0,3,3,0,1,1,0,0,0,1,Peel Technologies,0.13B
51,GoMechanic,tech,GoMechanic fornisce una piattaforma online per il servizio auto che aiuta gli utenti a pianificare vari servizi per l'auto,67.85M,10,30.38M,990B,0,19,series,233.1M,-25%,8,2016,Gurugram,India,Asia,807K,creare comunita  online,tempi,-80%,116,32,128,185,16,37,14,0,9,9,214,Wrench,0.5B
52,agave,tech,Agave fornisce un'API unificata per l'accesso ai dati su diverse piattaforme software per la costruzione,3.5M,2,100M,10B,3,35,seed,1.2M,0%,3,2021,Claymont,Delaware,North America,35K,tecnologia delle costruzioni,costi,-75%,11,3,5,1,0,1,1,0,0,1,1,logikal,0.13B
53,writesonic,tech,Writesonic e' una piattaforma leader di intelligenza artificiale generativa che sta rivoluzionando la creazione di contenuti e la comunicazione,3.1M,7,75M,196B,5,78,seed,13.4M,100%,3,2021,San Francisco,California,North America,240K,sviluppo applicazioni piu veloci e sicure,tempi,-90%,2,20,10,6,5,0,2,0,4,4,8,Simplified,0.01B
54,beehiiv,tech,Beehiiv e' una piattaforma di newsletter via email che potenzia l'engagement del pubblico la crescita e la monetizzazione,49.7M,29,20M,20B,3,53,series,2M,+146%,3,2021,New York,New York,North America,154K,salvaguardare dati sensibili,costi,-80%,13,13,25,9,6,9,10,0,0,0,17,ConvertKit,0.1B
55,fyld,tech,FYLD migliora la produttivita  e la sicurezza fornendo accesso ai dati e capacita  di analisi degli stessi,28.2M,6,80M,6B,4,23,series,22.5M,+8%,5,2019,London,United Kingdom,Europe,177.5K,condividere news piu facilmente,clientela,+85%,9,15,22,8,3,6,3,0,3,0,3,Buildertrend,0.1B
56,supabase,tech,Supabase e' un'alternativa open-source a Firebase che fornisce un database PostgreSQL completo,116M,5,200M,71.2B,2,24,series,12.2M,+14%,4,2020,Singapore,Singapore,Asia,294K,permettere a robot di imparare come umani,tempi,-85%,5,40,16,2,2,17,6,0,0,2,3,Back4App,0.01B
57,dataships,tech,Dataships e' un'azienda di software e servizi per la privacy dei dati,3.81M,9,70M,28B,3,19,seed,2.2M,+5%,6,2018,Dublin,Ireland,Europe,44K,macchine virtuali per cloud,tempi,-90%,2,6,5,6,0,2,1,0,0,0,1,Osano,0.04B
58,6AM City,tech,6AM City e' un'azienda che opera nell'industria delle notizie e degli eventi,15.8M,6,70M,1.4B,2,33,series,28.5M,+22%,8,2016,Greenville,South Carolina,North America,166.8K,Abilita un'elaborazione piu accurata ed efficiente del linguaggio umano,tempi,-85%,14,2,17,31,11,3,2,0,0,1,4,Axios Local,0.2B
59,figure,tech,Figure e' un'azienda di robotica e intelligenza artificiale che si concentra sullo sviluppo di robot umanoidi,854M,20,2.6B,60B,10,1,series,28M,+1342%,2,2022,Sunnyvale,California,North America,1.7M,ai sviluppata per prendere decisioni in un ambiente complicato e dinamico,velocita ,+90%,10,57,28,0,5,16,22,3,2,0,2,LendingClub,0.2B
60,CoreWeave,tech,CoreWeave sviluppa infrastrutture cloud progettate per fornire potenza di calcolo a progetti e blockchain,3.97B,24,7B,579B,5,26,series,30M,+177%,7,2017,Roseland,New Jersey,North America,1.7M,interazioni piu realistiche,autenticita ,+90%,33,115,28,15,0,183,8,0,0,13,8,Lambda Labs,1.5B
61,Hugging Face,tech,fornisce piattaforma per creare condividere e collaborare su modelli e applicazioni,398.92M,41,4.5B,52B,8,54,series,85.2M,+42%,8,2016,Paris,France,Europe,999K,contenuti di alta qualita  velocemente,velocita ,+90%,25,139,39,24,9,21,8,0,21,7,0,OpenAI,60B
62,Shield AI,tech,Shield AI opera come azienda di tecnologia della difesa che costruisce piloti artificiali per aeromobili,1071M,14,2800M,196B,6,15,series,251.7M,+12%,9,2015,San Diego,California,North America,2.25M,generare video da testi,tempi,-95%,141,254,61,17,0,69,13,26,13,27,0,Anduril,8.5B
63,Character.AI,tech,Character.AI progetta e sviluppa applicazioni conversazionali,190M,6,5B,196B,3,85,series,14M,+213%,3,2021,menlo park,California,North America,300K,Command R+ un modello di linguaggio avanzato,precisione,+90%,5,66,7,3,3,7,13,0,5,12,0,AI Dungeon,0.04B
64,writer,tech,Writer e' una piattaforma di intelligenza artificiale (AI) generativa che si concentra sull'aumentare la produttivita  aziendale,144.6M,31,500M,196B,4,56,series,79.8M,+308%,9,2015,San Francisco,California,North America,938K,computazione piu veloce e efficente,velocita ,+90%,34,42,40,53,13,12,27,0,9,17,24,Grammarly,13B
65,Runway ML,tech,Runway e' una societa  di ricerca sull'IA applicata che si concentra sull'avanzamento della creativita  nei settori dell'arte e dell'intrattenimento,236.5M,11,500M,196B,5,10,series,48.7M,+117%,6,2018,New York,New York,North America,493K,applicazione con efficenza di costi,costi,-50%,26,47,23,12,18,6,5,0,0,8,6,Sona,0.02B
66,Cohere,tech,Cohere fornisce accesso a modelli avanzati di lingua ampia e strumenti di NLP tramite un'unica API facile da usare,471.25M,19,2.1B,196B,17,39,series,33.9M,+117%,5,2019,Toronto,Canada,North America,1.8M,personaggi piu realistici,tempi,-80%,47,209,54,21,18,253,22,172,48,25,0,OctoML,0.13B
67,Lightmatter,tech,Lightmatter si concentra sul calcolo fotonico nell'industria tecnologica,422M,12,1.2B,79B,25,12,series,66.2M,+36%,7,2017,Boston,Massachusetts,North America,577K,piu accurate conversazioni umane,errori,-85%,6,91,13,6,15,12,5,0,6,9,0,Celestial AI,0.4B
68,pinecone,tech,Pinecone sviluppa un database vettoriale che facilita il collegamento dei dati aziendali con modelli AI generativi,138M,5,750M,197B,10,20,series,26.6M,+160%,5,2019,San francisco,California,North America,595K,accesso veloce e accurato alle informazioni,tempi,-90%,11,80,21,20,4,15,4,0,0,17,0,Weaviate,0.15B
69,Inworld,tech,e' uno strumento per la creazione di npc in giochi,117M,25,500M,197B,5,29,series,15.8M,+57%,3,2021,Mountain View,California,North America,298K,interazioni piu personalizzate,tempi,-70%,5,60,22,0,12,8,2,0,0,3,0,Soul Machines,0.13B
70,Imbue,tech,e' un laboratorio di ricerca che addestra modelli fondamentali per sviluppare agenti di intelligenza artificiale,232M,12,1B,197B,3,4,series,1.6M,+76%,6,2018,San Francisco,California,North America,216K,processi di vendite piu veloci,errori,-90%,3,20,15,2,3,3,5,0,6,4,0,OpenAI,80B
71,Pryon,tech,Pryon e' un'azienda di intelligenza artificiale che si concentra sulla gestione delle conoscenze aziendali,158M,37,500M,196B,25,3,series,24.2M,+140%,7,2017,Raleigh,North Carolina,North America,538K,interazioni piu umane,realismo,+90%,12,56,29,32,0,22,3,0,15,5,3,Glean,2.2B
72,Together AI,tech,Together AI e' una piattaforma basata su cloud progettata per la costruzione di intelligenze artificiali generative,228M,37,1.3B,196B,10,14,series,8.6M,+223%,2,2022,San Francisco,California,North America,201K,manutensioni piu efficenti,efficenza,+85%,2,24,13,3,0,11,2,0,13,2,0,Sarvam AI,0.05B
73,Adept,tech,Adept AI e' un laboratorio di ricerca e sviluppo di prodotti basati sull'apprendimento automatico,415M,21,1B,196B,5,3,series,11.1M,+88%,2,2022,San Francisco,California,North America,182K,video piu efficenti con meno costi,tempi,-90%,5,35,16,0,4,5,1,0,4,8,0,Zippin,0.045B
74,ElevenLabs,tech,ElevenLabs e' una societa  di ricerca che sviluppa software di sintesi vocale basato sull'IA per creatori e editori,101M,15,1.1B,196B,7,44,seed,12.6M,+210%,2,2022,New York,New York,North America,207K,Analisi accurata ed efficiente dei dati,tempi,-95%,8,19,23,5,10,10,22,0,4,7,6,Sarvam AI,0.04B
75,MaintainX,tech,MaintainX e' un fornitore di piattaforme di digitalizzazione degli ordini di lavoro e delle procedure per team industriali e di prima linea,103.8M,19,1B,430B,6,31,series,71.8M,117%,6,2018,San Francisco,California,North America,918K,previsioni delle vendite efficenti,crescita,+75%,41,66,35,165,13,37,15,0,0,15,21,Gryphon.ai,0.02B
76,Synthesia,tech,Synthesia consente alle aziende di generare video personalizzati a partire da testo semplice,155M,21,1B,196B,5,26,series,62.8M,+99%,7,2017,London,United Kingdom,Europe,833K,sviluppo app piu efficente,tempi,-95%,34,87,40,56,27,26,7,0,11,20,46,HeyGen,0.4B
77,unlearn.ai,tech,Unlearn.AI combina intelligenza artificiale gemelli digitali e metodi statistici innovativi,130M,12,265M,196B,12,19,series,12.9M,+23%,7,2017,San Francisco,California,North America,215K,controllo qualita  efficente e accurato,tempi,-85%,5,25,24,0,0,14,9,0,13,0,0,Aitia,0.3B
78,Upwind,tech,Upwind sfrutta i dati di runtime per proteggere l'infrastruttura cloud,28M,3,300M,300B,6,11,seed,23.1M,+242%,2,2022,Tel Aviv,Israel,Asia,266K,flussi di lavoro efficenti e snelli,tempi,-90%,4,48,11,10,10,21,7,2,10,5,0,Armo,0.1B
79,apkudo,tech,aiuta le aziende a gestire dispositivi connessi per massimizzare il loro valore,67M,10,300M,3B,38,18,series,79.4M,+23%,13,2011,Baltimore,Maryland,North America,501K,assistenza piu efficente e personalizzata,efficenza,+80%,13,59,27,21,5,28,9,17,6,4,26,Kobiton,0.04B
80,uveye,tech,UVeye sviluppa sistemi di ispezione automatizzati per veicoli utilizzando intelligenza artificiale e hardware proprietario,195.5M,16,800M,82B,11,24,series,47.8M,+18%,10,2014,Teaneck,New Jersey,North America,517K,linguaggio piu umano e comprensibile,errori,-85%,25,58,24,22,7,42,7,10,7,12,9,Claim Genius,0.013B
81,linear,tech,linear permette agli utenti di sviluppare software e tracciare bug,52.2M,20,400M,583B,5,18,series,11.5M,+78%,5,2019,Covina,California,North America,194K,permette piu efficente ed effettiva crescita,acquisti,+85%,11,27,9,6,6,4,3,0,0,4,8,ClickUp,4B
82,mangoboost,tech,MangoBoost e' specializzato nello sviluppo di soluzioni di accelerazione server avanzate a stack completo,65.72M,9,300M,301B,2,10,series,7.4M,+65%,2,2022,washington,Washington,North America,144K,previsione di vendite piu accurate,vendite,+92%,5,44,8,0,0,4,1,1,2,0,0,Kalray,0.15B
83,AI 21,tech,AI21 Labs e' specializzata nello sviluppo di sistemi di intelligenza artificiale con una capacita  senza precedenti di comprendere e generare linguaggio naturale,336M,14,1.4B,196B,7,39,series,42.1M,+47%,7,2017,Tel-Aviv,Israel,Asia,662K,creazione di contenuti piu efficente,tempi,-90%,21,98,26,26,15,40,6,0,17,10,8,OpenAI,60B
84,Bending Spoons,tech,Bending Spoons si concentra sullo sviluppo di software innovativi,571M,31,2.6B,196B,202,18,series,85.8M,+15%,11,2013,Milano,Italia,Europe,1.1M,ricerca delle minacce e risposta a incidenti,efficenza,+85%,24,194,42,0,30,75,16,0,0,29,16,Allied Vision,29B
85,Enable,tech,Enable e' una startup che sviluppa un software basato su cloud per la gestione dei rimborsi aziendali business-to-business,274M,11,1.1B,14B,17,25,series,158M,+35%,8,2016,San Francisco,California,North America,1.8M,accessibilita  video efficente e precisa,tempi,-90%,50,114,75,209,0,137,22,0,0,23,64,PROS Holdings,1.4B
86,Tome,tech,Tome e' uno strumento che aiuta gli utenti a trasformare idee in narrazioni visivamente accattivanti,107M,10,300M,12B,4,10,seed,11.9M,+49%,4,2020,San Francisco,California,North America,200K,Abilita una gestione delle identita  e degli accessi piu efficiente e sicura,errori,-75%,5,30,11,4,7,3,2,0,0,3,2,Udemy,0.7B
87,Helsing,tech,Helsing e' un'azienda di difesa AI specializzata nella creazione di soluzioni e componenti militari alimentati,341M,6,1.6B,122B,5,28,series,37.5M,+33%,3,2021,MaÂ¼nchen,Germany,Europe,590K,tecnologia accessibile per creatori e sviluppatori,costi,-90%,14,121,42,0,17,10,0,4,11,0,2,Mind Foundry,0.02B
88,Captions,tech,Captions e' il tuo Studio Creativo potenziato dall'IA,9M,17,250M,27B,4,43,series,9M,+45%,3,2021,Boston,Massachusetts,North America,175K,creazione di gruppi piu efficenti,vendite,+92%,10,18,28,0,5,3,0,2,6,0,6,GoTranscript,0.04B
89,keyfactor,tech,Keyfactor offre soluzioni di gestione dell'identita  digitale sicure,213M,4,1.3B,182B,3,30,series,84.2M,+7%,23,2001,Independence,Ohio,North America,1M,esperienza sicura e senza interruzioni,sicurezza,+90%,28,142,54,82,44,8,0,0,16,22,10,Cloudflare,15B
90,Raspberry Pi,tech,Raspberry Pi e' un'azienda produttrice di computer che offre soluzioni hardware e software per case e aziende,45M,1,500M,12B,4,55,series,19.2M,+36%,10,2014,Cambridge,United Kingdom,Europe,324K,rende lo sviluppo piu veloce ed efficente,costi,-80%,13,52,18,16,13,4,0,0,2,0,3,Orange Pi,0.01B
91,axios hq,tech,Axios HQ e' un software di comunicazione alimentato dall'intelligenza artificiale che aiuta le organizzazioni nella gestione dei sistemi informativi,20M,3,100M,1.2B,5,25,series,21.7M,+31%,2,2022,Arlington,Virginia,North America,341K,rimozione sfondo automatica,tempi,-90%,9,25,55,13,7,5,5,0,0,8,8,Centric Software,0.26B
92,biocatch,tech,BioCatch fornisce informazioni utili per creare un mondo digitale in cui identita  fiducia e facilita  coesistono,21161M,20,1B,122B,71,31,series,87.8M,+34%,13,2011,Tel Aviv,Israel,Asia,803K,Attribuzione automatizzata del marketing,inefficenza,-80%,12,103,52,45,0,65,8,0,12,9,8,Incognia,0.11B
93,wirepas,tech,L'azienda offre una suite di connettivita  e una tecnologia di rete mesh 5G che forniscono soluzioni di connettivita  affidabili e scalabili per implementazioni massicce di IoT,58.19M,10,200M,300B,94,42,series,30M,+12%,14,201,Tampere,Finland,Europe,205K,raccolta frutta automatizzata,velocita ,+90%,13,26,13,7,0,8,4,8,3,4,2,Senet,0.04B
94,PhotoRoom,tech,Photoroom e' un'applicazione che consente agli utenti di creare immagini di prodotti di qualita  da studio in pochi secondi,64M,13,500M,45B,6,33,series,43.2M,+251%,5,2019, Aulnay-sous-Bois,France,Europe,655K,accesso alle risorse piu facilmente,sicurezza,+85%,5,31,26,12,169,9,9,0,0,5,7,Perfect pic,0.01B
95,Watershed,tech,Watershed e' utilizzata dalle aziende per valutare segnalare e affrontare le loro emissioni di carbonio,239M,8,700M,647B,8,24,series,77.2M,+55%,5,2019,San Francisco,California,North America,1M,decisioni aziendali piu accurate,tempi,-90%,48,85,40,60,13,38,13,0,0,20,41,WattCarbon,0.01B
96,Mechanical Orchard,tech,Mechanical Orchard e' una societa  tecnologica nativa di GenAI che modernizza le applicazioni datate senza interrompere il loro funzionamento,24M,6,95M,925M,7,4,series,11.5M,+141%,2,2022,San Francisco,California,North America,194K,aumento risoluzione e qualita  dei video,tempi,-90%,4,44,15,7,4,5,2,0,3,0,3,TSR Solutions,0.01B
97,Silverfort,tech,Silverfort e' un'azienda unificata di protezione dell'identita  che offre autenticazione protezione degli account di servizio e rilevamento delle minacce all'identita ,222M,12,1B,15B,10,24,series,82M,+41%,8,2016,Tel Aviv,Israel,Asia,753K,connessione sicura al cloud,costi,-85%,24,65,31,104,0,46,11,6,0,15,34,Okta,16B
98,Pigment,tech,Pigment e' una piattaforma di previsione aziendale che gestisce la strategia aziendale in tempo reale,396.4M,14,1B,925B,11,27,series,77.3M,+74%,5,2019,Paris,France,Europe,994K,decisioni aziendali piu accurate,tempi,-90%,44,86,59,89,9,31,5,0,0,17,12,SAP Analytics Cloud,0.05B
99,Luma Ai,tech,Luma AI e' una startup di intelligenza artificiale generativa che consente agli utenti di trasformare descrizioni testuali in modelli 3D corrispondenti,67M,11,300M,272B,6,24,series,5.4M,+159%,3,2021,San Francisco,California,North America,103K,aumento risoluzione e qualita'  dei video,tempi,-90%,2,13,6,0,3,2,3,0,2,2,0,ETA,0.05B
100,Cato Networks,tech,Cato Networks e' un fornitore di una piattaforma SASE che offre una connessione di rete aziendale sicura a localita' persone e dati,750M,13,3B,35B,2,42,series,273.6M,+30%,9,2015,Tel Aviv,Israel,Asia,2.2M,connessione sicura al cloud,costi,-85%,57,251,56,282,10,177,12,19,10,34,7,Versa Networks,0.7B
101,dtexsystem,tech,DTEX è un'azienda specializzata nella gestione del rischio interno nel settore della cybersecurity,107M,5,400M,100B,7,34,series,20M,38%,22,2002,Saratoga,California,North America,120K,invisibilità digitale,sicurezza,+15%,4,50,20,31,0,41,0,0,0,3,5,varonis,0.35B
102,unstructured.io,tech,si specializza nell'estrazione dei dati e la loro trasformazione per l'uso nel settore tecnologico,65M,17,230M,17B,15,5,series,7.7M,+175%,2,2022,Rocklin,California,North America,115K,conoscenza grafica tramite ai,efficienza,+10%,3,37,13,5,1,13,1,0,1,1,0,alterix,0.5
103,mitiga,tech,offre soluzioni cloud per la sicurezza e la gestione,52M,9,100M,12B,10,56,series,17.7M,+16%,5,2019,Tel Aviv,Israel,Asia,45K,risposta proattiva agli attacchi al cloud,sicurezza,+15%,9,11,16,4,3,26,3,0,3,0,0,crowdstrike,1.3
104,Crowdstrike,tech,sviluppa piattaforme cloud per proteggere le aziende dai rischi,481M,9,40B,30B,20,60,series,1.3B,+8%,13,2011,Sunnyvale,California,North America,5M,Falcon complete XDR,sicurezza,+15%,440,2223,1117,2523,176,1498,139,0,120,284,294,Palo Alto Networks,4.6
105,rebellions,tech,sviluppa chip intelligenti tramite ia,234M,26,658M,600B,15,11,series,8.5M,+86%,4,2020,Seoul,South Korea,Asia,89K,chip intelligenti,efficienza,+15%,4,56,7,0,3,8,1,4,2,4,1,nvidia,24
106,wasabi,tech,fornisce agli utenti uno spazio sul cloud,38.5M,20,546M,80B,20,38,series,38.5M,+28%,9,2015,Boston,Massachussets,North America,85K,storage a basso costo e alta velocità,efficienza,+20%,32,126,61,100,14,52,12,5,6,16,10,Alibaba,0.5
107,hume,tech,hume si concentra sullo sviluppo di un AI che individua le emozioni,69M,11,219M,40B,12,30,series,8.5M,+44%,3,2021,New York,New York,North America,45K,modello riconoscimento emozioni,efficienza,+15%,3,29,6,2,3,3,2,2,0,2,0,affectiva,0.010
108,op3n,tech,op3n è una piattaforma digitale specializzata in regali personalizzati realizzati da AI,38M,25,100M,30B,10,50,series,3.8M,+9%,3,2021,Los Angeles,California,North America,20K,regali intelligenti,soddisfazione,+10%,6,4,8,4,7,2,3,0,2,6,0,OpenSea,0.2
109,veza,tech,fornisce una piattaforma dati sicura,121M,19,500M,20B,23,15,series,44.3M,+27%,4,2020,Los gatos,California,North America,45K,gestione autorizzazioni,sicurezza,+20%,17,70,36,34,11,15,6,0,3,7,3,okta,1.1
110,the browser company,tech,opera nello sviluppo software per le pagine web,73M,7,500M,30B,15,52,series,11M,+29%,5,2019,New York,New York,North America,43K,interfaccia utente innovativa,soddisfazione,+12%,9,53,10,0,6,8,3,0,2,6,2,Mozilla,0.5
111,anrok,tech,gestione e ottimizzazione dei pagamenti e delle transazioni nel contesto del software e dei servizi,54M,9,250M,170B,12,23,series,7.7M,+57%,4,2020,San Francisco,California,North America,31K,nuova gestione pagamenti e fatturazione,efficienza,+15%,10,21,6,14,0,5,2,0,0,3,2,stripe,1.8
112,baseten,tech,fornisce infrastruttura per distribuire modelli di AI,60M,23,200M,20B,12,30,series,3.5M,+39%,5,2019,San Francisco,California,North America,13K,piattaforma unificata,efficienza,+14%,0,23,7,4,1,6,4,0,0,0,0,datarobot,0.2
113,carbyne,tech,carbyne fornisce tecnologie sicure per infrastrutture di emergenza,122M,21,400M,200B,17,10,series,28M,+12%,10,2014,New York,New York,North America,32K,piattaforma di video sicurezza,sicurezza,+30%,18,55,28,35,9,27,6,8,0,8,13,symantec,0.2
114,celestial ai,tech,specializzata in tecnologie avanzate di AI ottica,338M,16,1B,300B,42,20,series,14.3M,+32%,4,2020,Santa Clara,California,North America,45K,AI neurale ottica,prestazioni,+20%,4,58,15,2,12,16,4,2,0,3,0,nvidia,24
115,drata,tech,fornisce soluzioni di gestione della conformità e della sicurezza basate su cloud,328M,16,2B,150B,38,15,series,158M,+31%,4,2020,San Diego,California,North America,320K,gestione automatizzata della conformità,sicurezza,+18%,58,169,70,139,15,60,12,18,10,23,58,vanta,0.1
116,peroptyx,tech,fornire dati per machine learning,4M,3,5M,6B,13,12,seed,43.3M,+569%,6,2018,Castlebar,Ireland,Europe,20K,crowdsourcing,efficienza,+20%,34,31,24,11,10,264,9,8,6,5,10,appen,4B
117,vanta,tech,vanta è un piattaforma per la sicurezza,203M,19,1.4B,200B,15,28,series,100M,+33%,7,2017,San Francisco,California,North America,80K,gestione automatizzata della conformità,sicurezza,+25%,46,133,70,165,33,43,9,5,7,31,53,Secureframe,0.025
118,material security,tech,specializzato nella sicurezza sull'email del cloud,155,9,18.9M,200B,18,29,series,18.9M,+81%,7,2017,Redwood,California,North America,45K,protezione post-intrusione,sicurezza,+20%,4,47,18,17,4,12,2,1,2,3,7,vanta,0.1
119,helm.ai,tech,sviluppo di tecnologie robotiche e autonome,124M,36,431M,50B,30,28,series,13M,+48%,8,2016,Silicon Valley,California,North America,50K,guida autonoma,soddisfazione,+20%,7,52,12,0,3,14,3,0,2,8,0,waymo,1.4
120,upstack,tech,si specializza in trasformazioni digitali e tecnologiche,52M,4,400M,300B,15,26,series,24M,+20%,7,2017,New York,New York,North America,23K,piattaforma gestione cloud,efficienza,+15%,0,10,45,24,0,28,4,0,0,7,46,rackspace,3B
121,rackspace,tech,offre soluzioni multiple per cloud,36M,8,2.7B,300B,20,45,series,3B,-2%,26,1998,San Antonio,Texas,North America,112K,gestione sicura cloud,efficienza,+15%,701,1738,498,597,187,2615,29,50,30,167,559,accenture,54B
122,stability ai,tech,azienda che sviluppa AI,126M,17,1B,500B,26,40,series,33M,+45%,4,2020,London,United Kingdom,Europe,80K,diffusione immagini,efficienza,+25%,11,44,36,22,5,3,13,2,0,0,0,Hugging face,0.085
123,axonius,tech,specializzata in cybersecurity e soluzioni di gestione SaaS,595M,19,2.6B,250B,15,23,series,160M,+31%,7,2017,New York,New York,North America,48K,gestione e visibilità endpoint,sicurezza,+10%,33,160,60,191,14,96,15,0,5,33,0,tanium,0.6
124,bluevoyant,tech,offre una piattaforma di cybersecurity,140M,9,1B,225B,23,36,series,168M,+2%,7,2017,New York,New York,North America,92K,piattaforma del rischio di terze parti,sicurezza,+20%,43,123,104,73,0,204,14,0,10,14,50,crowdstrike,1.3B
125,prezent.ai,tech,offre una piattaforma che aiuta gli utenti a creare presentazioni,24M,6,100M,500B,17,32,series,29.3M,+61%,3,2021,Los Altos,California,North America,25K,automazione creazione presentazioni,tempi,-30%,18,32,30,13,21,22,5,5,2,4,11,canva,0.4
126,pano,tech,crea strumenti per monitoraggio delle foreste,45M,12,90M,500B,18,27,series,14M,+59%,7,2017,San Francisco,California,North America,25K,monitoraggio foreste,sicurezza,+25%,22,17,25,9,2,17,5,0,0,2,8,dedrone,0.03
201,klaviyo,tech,crea email e SMS semplici per publicizzare i brands,778M,16,9.2B,11B,15,18,series,465M,+36%,12,2012,Boston,Massachussets,North America,34K,piattaforma per raccogliere dati business utenti,efficienza,+15%,111,534,257,569,101,174,5,0,0,170,255,mailchimp,0.344
127,weka.io,tech,fornisce software per gestione dati in cloud,373M,27,750M,30B,14,23,series,72M,+16%,11,2013,Campbell,California,North America,30K,archiviazione dati ad alte prestazioni,efficienza,+20%,35,131,42,117,10,72,5,19,5,19,20,netapp,6
128,netapp,tech,costruisce un infrastruttura per i dati,800M,57000,21B,30B,15,27,series,6B,-5%,32,1992,San Jose,California,North America,230K,storage ad alte prestazioni,efficienza,+20%,887,4730,1250,2127,200,2691,260,219,274,314,1004,dell,26B
129,claroty,tech,protegge sistemi cyber fisici di molti settori,732M,32,225B,1B,13,34,series,144M,+52%,9,2015,New York,New York,North America,90K,risposta avanzata per reti operational tecnology,sicurezza,+15%,46,150,64,110,10,119,10,0,15,19,38,dragos,0.1
130,fleet device manager,tech,software open source gestione dei device,25M,8,100M,225B,23,29,series,10.6M,+36%,4,2020,San Francisco,California,North America,70K,gestione centralizzata dispositivi,efficienza,+15%,46,150,64,110,5,119,10,5,15,19,38,PTC,1.1
131,hayden ai,tech,offre un AI per aiutare i giudici,174M,17,450M,500B,15,12,series,17.2M,+29%,5,2019,San Francisco,California,North America,42K,sistema di monitoraggio traffico,efficienza,+30%,21,53,29,0,0,26,7,7,3,7,0,cubic,0.864
132,cymulate,tech,specializzata in sicurezza e gestione della cybersecurity,141M,6,500M,250B,15,27,series,32M,+6%,8,2016,Tel Aviv,Israel,Asia,50K,simulazione di attacchi,tempi,-20%,22,40,24,46,5,48,6,6,10,9,28,attackiq,0.03
133,sendblocks,tech,specializzata in blockchain e semplificazioni nel settore tecnologico,8.2M,5,20M,50B,14,23,seed,2M,+20%,1,2024,Tel Aviv,Israel,Asia,12K,blockchain per storage dati,sicurezza,+15%,0,4,5,0,0,4,2,0,0,0,0,blockstream,0.016
134,aidash,tech,offre sistemi di intelligenza artificiale per gestire rischi climatici,101.5M,11,400M,500B,15,19,series,67M,+6%,5,2019,San Jose,California,North America,79K,AI per l'agricoltura,costi,-20%,8,118,39,29,10,96,11,0,48,13,14,0.01
135,sima.ai,tech,AI per il mercato azionario,260M,14,500M,500B,28,12,series,29.1M,+22%,6,2018,San Jose,California,North America,30K,machine learning su chip,efficienza energetica,+15%,8,110,18,11,11,23,4,6,0,4,4,nvidia,24
136,anyscale,tech,sviluppa software AI,259M,10,1B,500B,13,25,series,60M,+193%,5,2019,San Francisco,California,North America,35K,framework di calcolo distribuito,crescita,+20%,38,77,14,33,15,21,31,0,4,13,9,databricks,1.8
137,classdojo,tech,educa attraverso la tecnologia,221M,35,1.3B,254B,15,20,series,57M,+14%,13,2011,San Francisco,California,North America,45K,connettere insegnanti e genitori,efficienza,+14%,27,82,34,25,25,30,7,0,0,16,28,seesaw,0.05
138,jasper,tech,piattaforma di creazione di contenuti con ai,125M,12,1.5B,500B,12,23,series,159M,+76%,4,2020,Austin,Texas,North America,100K,generazione testo avanzata,tempi,-20%,113,127,101,107,28,46,36,0,10,27,49,copy.ai,0.015
139,traceable,tech,fa applicazione di sicurezza nel settore tecnologico,110M,9,450M,225B,23,16,series,36.8M,+24%,6,2018,San Francisco,California,North America,57K,intelligenza artificiale per migliorare osservabilità,soddisfazione,+15%,11,109,30,47,5,15,5,0,5,3,5,datadog,0.88
140,honeycomb.io,tech,è una piattaforma che serve per ricevere insight in servizi distribuiti,146M,19,700M,5B,15,24,series,35.7M,+16%,8,2016,San Francisco,California,North America,45K,tracing distribuito,tempi,-20%,17,92,29,37,16,18,4,0,0,11,21,datadog,0.88
141,oxford quantum,tech,sviluppa computer quantici,146.8M,12,1B,65B,18,29,series,14M,+19%,7,2017,Reading,United Kingdom,Europe,70K,computer quantistici,efficienza,+15%,12,60,9,0,2,13,6,0,9,5,2,IBM,3.5B
142,zeroeyes,tech,fornisce soluzioni di monitoraggio e sicurezza,106M,15,800M,250B,18,27,series,23.4M,+18%,6,2018,Conshohocken,Pennsylvania,North America,65K,rilevamento armi da fuoco,sicurezza,+20%,29,42,41,24,6,41,6,5,5,5,0,0.015
143,streamlit,tech,fornisce un tool che trasforma li script in applicazioni web velocemente,62M,10,800M,500B,25,30,series,12.6M,+88%,6,2018,San Francisco,California,North America,45K,integrazione componenti personalizzati,efficienza,+18%,7,20,8,2,0,8,3,0,3,0,0,0.014
144,lumu technologies,tech,aiuta ad individuare minacce alla sicurezza,53.5M,9,750M,225B,21,34,series,28.4M,+15%,5,2019,Doral,Florida,North America,26K,analizza continuamente il traffico,sicurezza,+17%,5,26,21,32,8,14,2,0,0,2,18,zeroeyes,0.018
145,zluri,tech,fornisce una piattaforma per il SaaS,32M,5,400M,40B,17,23,series,44M,+97%,4,2020,Milpitas,California,North America,34K,gestione avanzata licenze,costi,-15%,27,73,26,55,9,14,14,0,5,11,17,Torii,0.016
146,chainguard,tech,crea software potenti di difesa,256M,18,1.1B,225B,34,21,series,25.2M,+100%,3,2021,Kirkland,Washington,North America,60K,protezione dei container,sicurezza,+20%,9,51,21,51,2,21,4,0,8,13,10,aqua security,0.2
147,kumo.ai,tech,piattaforma AI specializzata in analisi predittive e machine learning,36.5M,18,100M,500B,14,24,series,6.9M,+30%,3,2021,Mountain View,California,North America,35K,software per analisi predittive,tempi,-13%,0,34,12,8,2,3,2,0,6,3,0,OpenAi,11B
148,pulley,tech,usa una piattaforma di gestione per la raccolta fondi,54.9M,19,200M,20B,10,35,series,11.7M,+4%,5,2019,Oakland,California,North America,35K,Gestione Automatica delle Stock Options,efficienza,+28%,6,25,6,13,5,10,4,0,2,4,8,carta,0.3
149,observe,tech,fornisce piattaforma cloud per analizzare i dati,270M,7,1B,20B,14,35,series,33.7M,+32%,7,2017,San Mateo,California,North America,32K,piattaforma per monitorare analizzare operazioni,soddisfazione,+15%,11,71,26,60,8,23,5,0,5,0,0,datadog,0.88
150,headfone,tech,offre una piattaforma di audi,14M,9,45M,100B,23,21,series,18M,+326%,6,2018,Bangalore,India,Asia,10K,piattaforma audio,soddisfazione,+8%,15,16,16,4,106,4,8,0,0,14,3,zoom,3.9B
151,jar,tech,aiuta gli utenti a risparmiare denaro,61M,27,200M,300B,25,34,series,50M,+89%,3,2021,Bangalore,India,Asia,35K,automazione del risparmio,efficienza,+15%,59,115,48,45,38,35,23,0,29,22,22,corns,0.08
152,sana labs,tech,sana labs fornisce una piattaforma per l'insegnamento per le organizzazioni,81.5M,15,180M,300B,17,28,series,31M,+52%,8,2016,Stockolm,Sweden,Europe,34K,piattaforma di apprendimento personalizzato,efficienza,+20%,15,20,4,3,8,20,3,0,3,3,10,Knewton,0.008
153,cerby,tech,sviluppa un applicazione per rendere sicure le applicazioni,32.5M,22,200M,225B,25,18,series,21M,+64%,4,2020,Alameda,California,North America,35K,gestione accessi non standard,sicurezza,+15%,7,43,16,9,6,10,5,3,2,5,0,chainguard,0.002
154,twelve labs,tech,specializzata in AI multimodale,77M,19,400M,500B,20,25,series,8M,+133%,3,2021,San Francisco,California,North America,35K,Ai che comprende contenuti,costi,-20%,6,30,15,0,2,6,7,0,3,6,0,0.025
155,logik.io,tech,configurazioni prodotti per vendita online,29M,4,250M,20B,20,15,series,15M,+84%,3,2021,higland park,Illinois,North America,35K,motore configurabile,tempi,-30%,7,36,15,19,2,6,0,5,0,0,5,saleforce,25B
156,lottie,tech,piattaforma che aiuta anziani,32M,8,54M,200B,18,28,series,19M,+39%,3,2021,London,United Kingdom,Europe,23K,ricerche personalizzate,tempi,-15%,15,19,45,16,27,0,5,0,0,5,7,Seniorly,0.004
157,greyparrot,tech,si concentra sulla gestione dei rifiuti con  AI,23M,18,120M,500B,23,17,series,6M,+43%,5,2019,London,United Kingdom,Europe,22K,automazione riciclaggio,costi,-25%,3,14,10,6,0,6,1,0,1,2,0,amp robotics,0.04
158,parkhub,tech,specializzata nella gestione dei parcheggi,113M,9,500M,6B,21,18,series,20.5M,+7%,14,2010,Dallas,Texas,North America,30K,analisi dati real time,tempi,-15%,10,24,14,20,0,9,2,0,0,3,16,parkmobile,0.03
159,aigen,tech,usa l'AI e la robotica nel settore agricolo,19M,7,155M,100B,14,24,series,1.7M,+65%,4,2020,Kirkland,Washington,North America,23K,pagamento avanzato,efficienza,+20%,11,26,16,2,0,4,1,2,0,2,0,Openai,11B
160,concertai,tech,introduce IA nelle cliniche e nel settore healtcare,320M,6,1.9B,500B,18,25,series,75M,+26%,7,2017,Cambridge,Massachussets,North America,40K,piattaforma analisi dati,efficienza,+12%,21,132,125,27,125,336,32,28,107,24,0,Tempus,0.03
161,docker,tech,opera come piattaforma per soluzioni software,433M,8,2B,500B,30,18,series,180M,44%,11,2013,Palo Alto,California,North America,23K,containerizzazione,efficienza,+20%,92,248,86,149,110,19,0,0,0,4,46,Red Hat,4.2B
162,primer ai,tech,sviluppa AI per la sicurezza,233M,15,1B,500B,17,25,series,22M,+1%,9,2015,San Francisco,California,North America,22K,motore che analizza testi,tempi,-14%,19,58,24,17,4,14,5,0,0,6,13,palantir,1B
163,spectrocloud,tech,si basa sull'infrastruttura cloud,71M,11,300M,20B,25,19,series,28M,+23%,5,2019,San Jose,California,North America,34K,piattaforma per multicloud,efficienza,+14%,8,90,22,27,8,11,3,0,0,0,6,Rancher labs,0.02
164,finbourne technologies,tech,specializzato nella gestione delle finanze,127M,12,700M,60B,15,23,series,39M,+18%,8,2016,London,United Kingdom,Europe,23K,piattaforma cloud per gestione dati finanziari,efficienza,+12%,14,124,31,23,8,53,5,0,10,5,16,blackrock,19B
165,sanctuary ai,tech,crea robot umanoidi,92M,19,250M,40B,45,22,series,24M,+16%,6,2018,Vancouver,Canada,North America,21K,Robot Umanoidi con AI,efficienza,+15%,14,93,14,0,4,22,4,7,8,2,0,boston dynamics,0.2
166,uniswap,tech,utilizza blockchain per creare servizi finanziari senza intermezzi centralizzati,178M,14,1.7B,40B,15,35,series,24M,+1%,7,2017,Brooklin,New York,North America,23K,liquidità concentrata,soddisfazione,+10%,10,63,29,0,10,8,3,0,5,13,0,sushiswap,0.06
167,id.me,tech,piattaforma per rendere accesso sicuro a un gruppo,279M,48,1.5B,225B,15,23,series, 285M,+6%,14,2010,Washington,Washington,North America,25K,identity gateway,sicurezza,+12%,158,104,75,59,0,128,106,29,0,52,172,okta,1.1B
168,okta,tech,fornisce soluzioni sicure ad utenti e dipendenti,1.2B,17,31.8B,225B,40,35,series,1.1B,-15%,15,2009,San Francisco,California,North America,34K,cloud per gestione autorizzazioni,sicurezza,+35%,530,1848,811,1655,233,884,229,0,20,295,552,auth0,0.172
169,vedanta bioscience,biotech,sviluppa farmaci per problemi gastrointestinali,355M,39,1.2B,600B,18,35,series,35M,+29%,14,2010,Cambridge,Massachussets,North America,45K,sviluppo prodotti microbiotici,benessere,+18%,19,4,13,3,0,0,7,7,18,44,6,Seres,0.155
170,waterplan,tech,immette acqua sostenibile sul mercato,28M,18,500M,8B,15,24,series,13M,+10%,4,2020,San Francisco,California,North America,35K,analisi e monitoraggio acqua,ottimizzazione,+15%,10,13,11,14,3,8,6,0,6,4,5,aquatic informatics,0.022
171,huntress,tech,fornisce una piattaforma per individuazione e risposta a virus,308M,11,2B,225B,18,29,series,102M,+19%,9,2015,Elicott City,Maryland,North America,34K,piattaforma di rilevamento,sicurezza,+20%,59,67,75,128,25,69,15,0,5,26,24,okta,1.1B
172,gappify,tech,automazione del software del settore delle finanze,17M,11,300M,20B,25,28,series,12M,+8%,8,2016,Oakland,California,North America,20K,Assistente contabile virtuale,tempi,-20%,8,21,13,10,0,7,8,2,0,3,10,blackline,0.5
173,braincheck,tech,si concentra sull'aiuto cognitivo,45M,18,200M,20B,35,20,series,8.3M,+6%,9,2015,Austin,Texas,North America,25K,piattaforma valutazione cognitiva digitale,efficienza,+15%,3,13,17,12,3,7,3,0,12,2,6,cognivue,0.017
174,spot ai,tech,crea video animati con AI,62M,8,180M,500B,15,12,series,21.6M,+5%,6,2018,Los Altos,California,North America,26K,videosorveglianza ai,costi,-10%,7,34,19,43,4,13,5,0,0,5,5,Anduril,8.5B
175,nanonets,tech,AI usata per ottimizzare i processi di business,40M,20,300M,500B,12,25,series,3M,+91%,7,2017,San Francisco,California,North America,15K,modelli di riconoscimento avanzati,efficienza,+10%,16,54,28,28,3,8,8,0,10,9,10,Anduril,8.5B
176,remarkable,tech,sviluppa tablet per leggere e disegnare,24M,3,1B,25B,18,25,series,150M,+11%,11,2013,Oslo,Norway,Europe,35K,tablet multiuso,costi,-15%,64,138,85,21,52,65,3,20,0,23,22,boox,0.016
177,eatron,tech,sviluppa software per la gestione delle batterie nell'automotive,13M,14,100M,500B,15,25,series,13M,+5%,6,2018,Warwick,United Kingdom,Europe,35K,batteria intelligente,costi,-20%,6,44,17,2,0,23,3,0,2,1,0,Anduril,8.5B
178,aiclearing,tech, AI applicata all'industria,17M,7,150M,500B,25,14,series,36.8M,+90%,5,2019,Austin,Texas,North America,20K,piattaforma di monitoraggio costruzione,efficienza,+15%,8,29,10,7,0,27,4,0,2,1,3,Doxel,0.02
179,rewind.ai,tech,crea un AI personalizzata nel settore tecnologico,27M,3,75M,500B,21,15,series,3.5M,+68%,4,2020,Denver,Colorado,North America,34K,AI usata per ritrovare informazioni,tempi,-25%,10,25,5,7,2,15,3,0,0,2,2,Mem.ai,0.002
180,owner.com,tech,piattaforma digitale per i ristoranti,58M,19,120M,15B,25,14,series,13M,+3%,6,2018,Palo Alto,California,North America,22K,newsletter semplice,soddisfazione,+20%,17,14,17,32,4,4,3,0,4,18,8,Toast,1.1B
181,cleerly,tech,azienda digitale specializzata nel trattamento di problemi al cuore,251M,16,850M,1B,15,25,series,25M,+18%,7,2017,New York,New York,North America,34K,software che analizza ischemia,efficienza,+15%,14,23,44,18,12,22,4,0,18,4,0,Heartflow,0.12
182,altana ai,tech,AI applicata a catena di montaggio,322M,19,1.1B,500B,18,25,series,27.5M,+27%,6,2018,Brooklin,New York,North America,24K,mappa della catena di montaggio,efficienza,+15%,22,69,33,21,2,40,5,0,8,6,0,project44,0.1
183,uwill,tech,offre una piattaforma online per studenti e lavoratori terapeutici,39M,4,150M,400B,15,12,series,19M,+55%,4,2020,Natik,Massachussets,North America,23K,piattaforma con terapisti,efficienza,+14%,10,8,48,6,5,3,4,0,0,6,8,mantra health,0.034
184,tavus,tech,crea video con AI per le vendite e marketing,24M,17,100M,500B,15,27,series,4M,+74%,4,2020,Houston,Texas,North America,15K,personalizzazione di video,tempi,+15%,2,16,8,2,2,2,7,1,1,0,1,Synthesia,0.062
185,recogni,tech,si specializza nell'ai applicata all'automotive,176M,15,900M,500B,35,15,series,38M,+22%,7,2017,San Jose,California,North America,22K,analizza i contenuti video in tempo reale,costi,-25%,4,68,17,0,2,9,5,2,0,3,0,nvidia,24
186,rapido,tech,servizio di taxi con bici,510M,48,1.1B,100B,15,22,series,60M,+18%,9,2015,Bangalore,India,Asia,45K,piattaforma taxi sostenibile,costi,-20%,1240,150,193,157,43,109,112,0,0,37,136,uber,25B
187,Eagle eye,tech,sorveglianza online,141M,5,1B,250B,20,13,series,131M,+50%,12,2012,Austin,Texas,North America,35K,piattaforma per sorveglianza onilne,costi,-15%,63,131,44,166,0,101,16,0,0,21,32,genetec,0.3
188,fortanix,tech,offre una piattaforma per rendere sicuri i dati,135M,7,900M,225B,18,28,series,65M,+16%,8,2016,Mountain View,California,North America,26K,protezione dei dati durante l'elaborazione,sicurezza,+15%,20,104,23,43,5,35,10,5,4,12,12,anjuna,0.011
189,compa,tech,confronta i prezzi di roba tecnologica,17M,13,100M,20B,18,19,series,7.6M,+76%,4,2020,Fountain Valley,California,North America,23K,piattaforma per ottimizzazione tariffe,efficienza,+10%,6,15,9,10,2,11,3,0,2,8,0,Freightos,0.07
190,fathomhealth,tech,legge e comprende dati medici,60M,11,300M,500B,15,24,series,13.6M,+76%,9,2015,San Francisco,California,North America,35K,addestramento con deep learning,tempi,-15%,4,46,15,4,0,7,3,4,0,3,6,Anduril,8.5B
191,metropolis,tech,AI applicata alla vendita delle case,1.9B,18,4.5B,500B,24,16,series,112M,+5%,7,2017,New York,New York,North America,100K,gestione edifici con AI,efficienza,+15%,261,72,67,61,14,48,26,0,20,38,117,Anduril,8.5
192,persona identities,tech,specializzata in gestione delle identità,217M,7,1.5B,225B,18,23,series,80M,+24%,6,2018,San Francisco,California,North America,57K,verifica biometrica,sicurezza,+20%,28,95,36,48,14,36,5,0,0,8,23,Onfido,0.23
193,rattle,tech,automatizza incassi dei team,28.8M,9,250M,70B,17,25,series,17.5M,+70%,4,2020,Bengaluru,India,Asia, 24K,algoritmi per pulizia di dati,tempi,-20%,9,22,17,6,4,4,0,2,0,0,9,alteryx,0.5
194,alteryx,tech,si concentra sui dati e sull'automazione analitica,163M,7,3.9B,35B,14,46,series,522M,-13%,27,1997,Irvine,California,North America,250K,interfaccia cloud,efficienza,+20%,159,590,238,612,56,291,57,0,60,88,143,Tableau,1.3B
195,snorkel ai,tech,etichetta i dati con AI,135M,13,1B,500B,32,21,series,22M,+13%,5,2019,Redwood,California,North America,80K,piattaforma per etichettare dati,tempi,-30%,9,63,18,20,7,15,4,0,15,13,0,labelbox,0.024
196,swimlane,tech,AI usata per individuare minacce,148M,6,500M,225B,15,24,series,55M,+8%,10,2014,Louisville,Colorado,North America,50K,automazione orchestrata,sicurezza,+20%,15,89,23,27,61,2,6,0,0,3,15,splunk,3.7
197,aisera,tech,AI usata per fare compiti ripetitivi,180M,16,750M,500B,12,25,series,44M,+6%,7,2017,Palo Alto,California,North America,35K,helpdesk artificiale,costi,-15%,14,123,29,48,0,25,5,11,0,8,26,ServiceNow,5.5B
198,spycloud,tech,protegge l'identità nel settore della cybersecurity,203M,11,900M,225B,25,14,series,50M,+27%,8,2016,Austin,Texas,North America,40K,gestione identità compromessa,sicurezza,+20%,20,37,37,42,6,35,5,0,0,7,15,dashlane,0.06
199,vendelux,tech,AI usata per organizzare eventi tecnologici,16.3M,14,60M,500B,12,23,series,16.4M,+114%,3,2021,New York,New York,North America,24K,piattaforma che analizza i dati degli eventi,efficienza,+15%,14,13,9,12,3,9,1,0,2,4,4,cvent,1.2
200,hebbia,tech,AI che aiuta l'utente ad estrarre strutturare e analizzare documenti,161M,13,700M,500B,12,23,series,8.4M,+158%,4,2020,New York,New York,North America,60K,ricerca con intelligenza artificiale,tempi,-40%,8,19,12,16,0,5,3,0,0,8,4,Sinequa,0.32